Datetime,Water Level (m)
2026-02-10 18:00:00,-0.07374487
2026-02-10 19:00:00,-0.07156505
2026-02-10 20:00:00,-0.07267806
2026-02-10 21:00:00,-0.07698172
2026-02-10 22:00:00,-0.08364611
2026-02-10 23:00:00,-0.0917699
2026-02-11 00:00:00,-0.10071759
2026-02-11 01:00:00,-0.109509334
2026-02-11 02:00:00,-0.11667365
2026-02-11 03:00:00,-0.12141173
2026-02-11 04:00:00,-0.12395852
2026-02-11 05:00:00,-0.12533924
2026-02-11 06:00:00,-0.12781839
2026-02-11 07:00:00,-0.13259923
2026-02-11 08:00:00,-0.1394649
2026-02-11 09:00:00,-0.14834408
2026-02-11 10:00:00,-0.15883404
2026-02-11 11:00:00,-0.17071834
2026-02-11 12:00:00,-0.18330555
2026-02-11 13:00:00,-0.19572623
2026-02-11 14:00:00,-0.20660001
2026-02-11 15:00:00,-0.21451166
2026-02-11 16:00:00,-0.2188701
2026-02-11 17:00:00,-0.21953632
2026-02-11 18:00:00,-0.21719383
2026-02-11 19:00:00,-0.2131195
2026-02-11 20:00:00,-0.20902884
2026-02-11 21:00:00,-0.20647565
2026-02-11 22:00:00,-0.20655179
2026-02-11 23:00:00,-0.20905118
2026-02-12 00:00:00,-0.213366
2026-02-12 01:00:00,-0.21907474
2026-02-12 02:00:00,-0.225574
2026-02-12 03:00:00,-0.23202851
2026-02-12 04:00:00,-0.23747325
2026-02-12 05:00:00,-0.24119002
2026-02-12 06:00:00,-0.24345353
2026-02-12 07:00:00,-0.24512139
2026-02-12 08:00:00,-0.2474386
2026-02-12 09:00:00,-0.2510679
2026-02-12 10:00:00,-0.25636828
2026-02-12 11:00:00,-0.26328817
2026-02-12 12:00:00,-0.27174047
2026-02-12 13:00:00,-0.281582
2026-02-12 14:00:00,-0.2919985
2026-02-12 15:00:00,-0.30257475
2026-02-12 16:00:00,-0.31073505
2026-02-12 17:00:00,-0.3142154
2026-02-12 18:00:00,-0.31252673
2026-02-12 19:00:00,-0.3065466
2026-02-12 20:00:00,-0.29789856
2026-02-12 21:00:00,-0.28821197
2026-02-12 22:00:00,-0.27947518
2026-02-12 23:00:00,-0.27392292
2026-02-13 00:00:00,-0.27255955
2026-02-13 01:00:00,-0.274738
2026-02-13 02:00:00,-0.27939376
2026-02-13 03:00:00,-0.2858276
2026-02-13 04:00:00,-0.29309744
2026-02-13 05:00:00,-0.29997814
2026-02-13 06:00:00,-0.3046857
2026-02-13 07:00:00,-0.30594277
2026-02-13 08:00:00,-0.3041579
2026-02-13 09:00:00,-0.300593
2026-02-13 10:00:00,-0.297316
2026-02-13 11:00:00,-0.29700834
2026-02-13 12:00:00,-0.30016685
2026-02-13 13:00:00,-0.30573735
2026-02-13 14:00:00,-0.31330693
2026-02-13 15:00:00,-0.32251018
2026-02-13 16:00:00,-0.33233187
2026-02-13 17:00:00,-0.3377605
2026-02-13 18:00:00,-0.34307522
2026-02-13 19:00:00,-0.3405829
2026-02-13 20:00:00,-0.3327992
2026-02-13 21:00:00,-0.32155252
2026-02-13 22:00:00,-0.3083271
2026-02-13 23:00:00,-0.29572853
2026-02-14 00:00:00,-0.28690785
2026-02-14 01:00:00,-0.28344822
2026-02-14 02:00:00,-0.2845579
2026-02-14 03:00:00,-0.28894848
2026-02-14 04:00:00,-0.29545578
2026-02-14 05:00:00,-0.30322203
2026-02-14 06:00:00,-0.31048352
2026-02-14 07:00:00,-0.31425792
2026-02-14 08:00:00,-0.31308135
2026-02-14 09:00:00,-0.3076174
2026-02-14 10:00:00,-0.2998079
2026-02-14 11:00:00,-0.2926634
2026-02-14 12:00:00,-0.28964552
2026-02-14 13:00:00,-0.2911782
2026-02-14 14:00:00,-0.29563335
2026-02-14 15:00:00,-0.3027038
2026-02-14 16:00:00,-0.31161952
2026-02-14 17:00:00,-0.3211691
2026-02-14 18:00:00,-0.3286175
2026-02-14 19:00:00,-0.3301087
2026-02-14 20:00:00,-0.3249989
2026-02-14 21:00:00,-0.31434023
2026-02-14 22:00:00,-0.2996194
2026-02-14 23:00:00,-0.2833007
2026-02-15 00:00:00,-0.2687414
2026-02-15 01:00:00,-0.25938764
2026-02-15 02:00:00,-0.2562271
2026-02-15 03:00:00,-0.25795585
2026-02-15 04:00:00,-0.26299295
2026-02-15 05:00:00,-0.27030578
2026-02-15 06:00:00,-0.2787588
2026-02-15 07:00:00,-0.2858532
2026-02-15 08:00:00,-0.28788558
2026-02-15 09:00:00,-0.28383416
2026-02-15 10:00:00,-0.27541006
2026-02-15 11:00:00,-0.26490268
2026-02-15 12:00:00,-0.25584617
2026-02-15 13:00:00,-0.25211576
2026-02-15 14:00:00,-0.25372115
2026-02-15 15:00:00,-0.2589108
2026-02-15 16:00:00,-0.2666067
2026-02-15 17:00:00,-0.27577072
2026-02-15 18:00:00,-0.28536764
2026-02-15 19:00:00,-0.29208106
2026-02-15 20:00:00,-0.29189068
2026-02-15 21:00:00,-0.28415185
2026-02-15 22:00:00,-0.27067116
2026-02-15 23:00:00,-0.253589
2026-02-16 00:00:00,-0.2358322
2026-02-16 01:00:00,-0.22191069
2026-02-16 02:00:00,-0.2149148
2026-02-16 03:00:00,-0.21418674
2026-02-16 04:00:00,-0.21804507
2026-02-16 05:00:00,-0.22489892
2026-02-16 06:00:00,-0.23386995
2026-02-16 07:00:00,-0.24368106
2026-02-16 08:00:00,-0.250146
2026-02-16 09:00:00,-0.24942644
2026-02-16 10:00:00,-0.24203432
2026-02-16 11:00:00,-0.23057874
2026-02-16 12:00:00,-0.21820292
2026-02-16 13:00:00,-0.20953554
2026-02-16 14:00:00,-0.20753908
2026-02-16 15:00:00,-0.2106783
2026-02-16 16:00:00,-0.21683711
2026-02-16 17:00:00,-0.2253901
2026-02-16 18:00:00,-0.23561104
